Date,Product,Category,Region,Quantity,Price,Revenue
2026-01-05,Laptop,Electronics,West,2,50000,100000
2026-01-10,Phone,Electronics,North,5,20000,100000
2026-01-15,Chair,Furniture,South,10,5000,50000
2026-02-02,Laptop,Electronics,East,3,50000,150000
2026-02-10,Phone,Electronics,West,4,20000,80000
2026-02-20,Table,Furniture,North,6,8000,48000
2026-03-05,Laptop,Electronics,South,4,50000,200000
2026-03-12,Chair,Furniture,West,8,5000,40000
2026-03-20,Phone,Electronics,East,6,20000,120000
2026-03-25,Table,Furniture,North,5,8000,40000